theta,series_0_item_information
-4.0,0.0446
-3.95,0.0485
-3.9,0.0526
-3.85,0.0571
-3.8,0.0619
-3.75,0.0672
-3.7,0.0728
-3.65,0.0789
-3.6,0.0855
-3.55,0.0926
-3.5,0.1002
-3.45,0.1084
-3.4,0.1172
-3.35,0.1266
-3.3,0.1367
-3.25,0.1476
-3.2,0.1591
-3.15,0.1714
-3.1,0.1846
-3.05,0.1985
-3.0,0.2133
-2.95,0.229
-2.9,0.2455
-2.85,0.2629
-2.8,0.2811
-2.75,0.3002
-2.7,0.3202
-2.65,0.3408
-2.6,0.3622
-2.55,0.3843
-2.5,0.4069
-2.45,0.43
-2.4,0.4534
-2.35,0.477
-2.3,0.5006
-2.25,0.5241
-2.2,0.5472
-2.15,0.5698
-2.1,0.5917
-2.05,0.6125
-2.0,0.6322
-1.95,0.6505
-1.9,0.6671
-1.85,0.6818
-1.8,0.6945
-1.75,0.705
-1.7,0.7131
-1.65,0.7188
-1.6,0.7219
-1.55,0.7224
-1.5,0.7203
-1.45,0.7156
-1.4,0.7084
-1.35,0.6988
-1.3,0.687
-1.25,0.673
-1.2,0.6571
-1.15,0.6394
-1.1,0.6203
-1.05,0.5998
-1.0,0.5783
-0.95,0.556
-0.9,0.533
-0.85,0.5097
-0.8,0.4861
-0.75,0.4624
-0.7,0.439
-0.65,0.4157
-0.6,0.3929
-0.55,0.3707
-0.5,0.349
-0.45,0.328
-0.4,0.3078
-0.35,0.2884
-0.3,0.2698
-0.25,0.2521
-0.2,0.2352
-0.15,0.2193
-0.1,0.2041
-0.05,0.1899
0.0,0.1764
0.05,0.1638
0.1,0.1519
0.15,0.1408
0.2,0.1304
0.25,0.1207
0.3,0.1117
0.35,0.1033
0.4,0.0954
0.45,0.0881
0.5,0.0814
0.55,0.0751
0.6,0.0693
0.65,0.0639
0.7,0.0589
0.75,0.0543
0.8,0.05
0.85,0.0461
0.9,0.0424
0.95,0.0391
1.0,0.036
1.05,0.0331
1.1,0.0305
1.15,0.028
1.2,0.0258
1.25,0.0237
1.3,0.0218
1.35,0.0201
1.4,0.0184
1.45,0.017
1.5,0.0156
1.55,0.0143
1.6,0.0132
1.65,0.0121
1.7,0.0111
1.75,0.0102
1.8,0.0094
1.85,0.0086
1.9,0.0079
1.95,0.0073
2.0,0.0067
2.05,0.0062
2.1,0.0057
2.15,0.0052
2.2,0.0048
2.25,0.0044
2.3,0.004
2.35,0.0037
2.4,0.0034
2.45,0.0031
2.5,0.0029
2.55,0.0026
2.6,0.0024
2.65,0.0022
2.7,0.002
2.75,0.0019
2.8,0.0017
2.85,0.0016
2.9,0.0015
2.95,0.0013
3.0,0.0012
3.05,0.0011
3.1,0.001
3.15,0.001
3.2,0.0009
3.25,0.0008
3.3,0.0007
3.35,0.0007
3.4,0.0006
3.45,0.0006
3.5,0.0005
3.55,0.0005
3.6,0.0004
3.65,0.0004
3.7,0.0004
3.75,0.0003
3.8,0.0003
3.85,0.0003
3.9,0.0003
3.95,0.0002
4.0,0.0002
