theta,series_0_item_response
-4.0,0.1793
-3.95,0.1794
-3.9,0.1796
-3.85,0.1797
-3.8,0.1799
-3.75,0.1801
-3.7,0.1804
-3.65,0.1806
-3.6,0.1809
-3.55,0.1811
-3.5,0.1814
-3.45,0.1818
-3.4,0.1821
-3.35,0.1825
-3.3,0.1829
-3.25,0.1833
-3.2,0.1838
-3.15,0.1843
-3.1,0.1849
-3.05,0.1854
-3.0,0.1861
-2.95,0.1868
-2.9,0.1875
-2.85,0.1883
-2.8,0.1891
-2.75,0.19
-2.7,0.191
-2.65,0.1921
-2.6,0.1932
-2.55,0.1944
-2.5,0.1958
-2.45,0.1972
-2.4,0.1987
-2.35,0.2003
-2.3,0.2021
-2.25,0.2039
-2.2,0.2059
-2.15,0.2081
-2.1,0.2104
-2.05,0.2129
-2.0,0.2155
-1.95,0.2184
-1.9,0.2214
-1.85,0.2246
-1.8,0.2281
-1.75,0.2318
-1.7,0.2357
-1.65,0.2399
-1.6,0.2444
-1.55,0.2491
-1.5,0.2541
-1.45,0.2595
-1.4,0.2652
-1.35,0.2712
-1.3,0.2775
-1.25,0.2842
-1.2,0.2913
-1.15,0.2987
-1.1,0.3065
-1.05,0.3147
-1.0,0.3233
-0.95,0.3323
-0.9,0.3417
-0.85,0.3515
-0.8,0.3616
-0.75,0.3722
-0.7,0.3831
-0.65,0.3943
-0.6,0.4059
-0.55,0.4178
-0.5,0.43
-0.45,0.4425
-0.4,0.4552
-0.35,0.4682
-0.3,0.4813
-0.25,0.4945
-0.2,0.5079
-0.15,0.5214
-0.1,0.5348
-0.05,0.5483
0.0,0.5617
0.05,0.5751
0.1,0.5883
0.15,0.6014
0.2,0.6143
0.25,0.627
0.3,0.6394
0.35,0.6515
0.4,0.6634
0.45,0.6749
0.5,0.6861
0.55,0.6969
0.6,0.7074
0.65,0.7174
0.7,0.7271
0.75,0.7364
0.8,0.7453
0.85,0.7538
0.9,0.762
0.95,0.7697
1.0,0.7771
1.05,0.784
1.1,0.7907
1.15,0.7969
1.2,0.8029
1.25,0.8085
1.3,0.8138
1.35,0.8187
1.4,0.8234
1.45,0.8278
1.5,0.8319
1.55,0.8358
1.6,0.8395
1.65,0.8429
1.7,0.8461
1.75,0.8491
1.8,0.8519
1.85,0.8545
1.9,0.8569
1.95,0.8592
2.0,0.8613
2.05,0.8633
2.1,0.8651
2.15,0.8668
2.2,0.8685
2.25,0.8699
2.3,0.8713
2.35,0.8726
2.4,0.8738
2.45,0.875
2.5,0.876
2.55,0.877
2.6,0.8779
2.65,0.8787
2.7,0.8795
2.75,0.8802
2.8,0.8809
2.85,0.8815
2.9,0.8821
2.95,0.8826
3.0,0.8831
3.05,0.8836
3.1,0.884
3.15,0.8844
3.2,0.8848
3.25,0.8851
3.3,0.8854
3.35,0.8857
3.4,0.886
3.45,0.8862
3.5,0.8865
3.55,0.8867
3.6,0.8869
3.65,0.8871
3.7,0.8873
3.75,0.8874
3.8,0.8876
3.85,0.8877
3.9,0.8879
3.95,0.888
4.0,0.8881
