theta,series_0_test_information
-4.0,0.014
-3.95,0.0155
-3.9,0.017
-3.85,0.0187
-3.8,0.0206
-3.75,0.0227
-3.7,0.0249
-3.65,0.0274
-3.6,0.0302
-3.55,0.0331
-3.5,0.0364
-3.45,0.04
-3.4,0.0439
-3.35,0.0481
-3.3,0.0527
-3.25,0.0578
-3.2,0.0633
-3.15,0.0692
-3.1,0.0757
-3.05,0.0826
-3.0,0.0902
-2.95,0.0984
-2.9,0.1072
-2.85,0.1166
-2.8,0.1268
-2.75,0.1378
-2.7,0.1495
-2.65,0.1621
-2.6,0.1756
-2.55,0.19
-2.5,0.2053
-2.45,0.2217
-2.4,0.2393
-2.35,0.258
-2.3,0.278
-2.25,0.2994
-2.2,0.3224
-2.15,0.3472
-2.1,0.3742
-2.05,0.4037
-2.0,0.4364
-1.95,0.4728
-1.9,0.5141
-1.85,0.5614
-1.8,0.6162
-1.75,0.6805
-1.7,0.7563
-1.65,0.8464
-1.6,0.9532
-1.55,1.0796
-1.5,1.228
-1.45,1.4004
-1.4,1.5978
-1.35,1.8198
-1.3,2.0642
-1.25,2.3264
-1.2,2.5994
-1.15,2.8736
-1.1,3.1371
-1.05,3.3768
-1.0,3.5792
-0.95,3.7327
-0.9,3.8285
-0.85,3.8623
-0.8,3.8353
-0.75,3.7537
-0.7,3.6281
-0.65,3.4717
-0.6,3.2987
-0.55,3.1226
-0.5,2.9547
-0.45,2.8035
-0.4,2.6746
-0.35,2.5703
-0.3,2.4907
-0.25,2.4342
-0.2,2.3977
-0.15,2.3778
-0.1,2.3707
-0.05,2.3729
0.0,2.381
0.05,2.3923
0.1,2.4045
0.15,2.4155
0.2,2.4238
0.25,2.4282
0.3,2.4277
0.35,2.4217
0.4,2.4096
0.45,2.3913
0.5,2.3667
0.55,2.3359
0.6,2.2991
0.65,2.2566
0.7,2.209
0.75,2.1569
0.8,2.1009
0.85,2.0417
0.9,1.9799
0.95,1.9165
1.0,1.852
1.05,1.7872
1.1,1.7228
1.15,1.6593
1.2,1.5973
1.25,1.5373
1.3,1.4797
1.35,1.4248
1.4,1.3729
1.45,1.3241
1.5,1.2786
1.55,1.2365
1.6,1.1976
1.65,1.162
1.7,1.1295
1.75,1.0999
1.8,1.0731
1.85,1.0488
1.9,1.0268
1.95,1.0067
2.0,0.9882
2.05,0.9712
2.1,0.9552
2.15,0.94
2.2,0.9253
2.25,0.9108
2.3,0.8963
2.35,0.8816
2.4,0.8664
2.45,0.8507
2.5,0.8342
2.55,0.8169
2.6,0.7987
2.65,0.7796
2.7,0.7596
2.75,0.7387
2.8,0.7169
2.85,0.6944
2.9,0.6713
2.95,0.6475
3.0,0.6233
3.05,0.5988
3.1,0.5741
3.15,0.5493
3.2,0.5245
3.25,0.5
3.3,0.4757
3.35,0.4517
3.4,0.4283
3.45,0.4054
3.5,0.3831
3.55,0.3615
3.6,0.3406
3.65,0.3206
3.7,0.3013
3.75,0.2828
3.8,0.2652
3.85,0.2483
3.9,0.2324
3.95,0.2172
4.0,0.2029
