theta,series_0_expected_score
-4.0,0.7535
-3.95,0.7551
-3.9,0.7568
-3.85,0.7587
-3.8,0.7606
-3.75,0.7628
-3.7,0.765
-3.65,0.7674
-3.6,0.77
-3.55,0.7728
-3.5,0.7758
-3.45,0.7789
-3.4,0.7823
-3.35,0.7859
-3.3,0.7898
-3.25,0.7939
-3.2,0.7983
-3.15,0.803
-3.1,0.808
-3.05,0.8133
-3.0,0.819
-2.95,0.8251
-2.9,0.8316
-2.85,0.8385
-2.8,0.8459
-2.75,0.8538
-2.7,0.8622
-2.65,0.8711
-2.6,0.8806
-2.55,0.8908
-2.5,0.9016
-2.45,0.9131
-2.4,0.9253
-2.35,0.9384
-2.3,0.9523
-2.25,0.9671
-2.2,0.9828
-2.15,0.9997
-2.1,1.0176
-2.05,1.0368
-2.0,1.0572
-1.95,1.0791
-1.9,1.1025
-1.85,1.1275
-1.8,1.1544
-1.75,1.1832
-1.7,1.2142
-1.65,1.2476
-1.6,1.2836
-1.55,1.3224
-1.5,1.3644
-1.45,1.4099
-1.4,1.4591
-1.35,1.5123
-1.3,1.5699
-1.25,1.632
-1.2,1.6989
-1.15,1.7706
-1.1,1.8471
-1.05,1.9282
-1.0,2.0136
-0.95,2.1028
-0.9,2.1953
-0.85,2.2903
-0.8,2.3871
-0.75,2.485
-0.7,2.5833
-0.65,2.6816
-0.6,2.7794
-0.55,2.8765
-0.5,2.9726
-0.45,3.0679
-0.4,3.1622
-0.35,3.2558
-0.3,3.3486
-0.25,3.441
-0.2,3.533
-0.15,3.6247
-0.1,3.7162
-0.05,3.8076
0.0,3.8989
0.05,3.99
0.1,4.081
0.15,4.1718
0.2,4.2622
0.25,4.3523
0.3,4.4417
0.35,4.5305
0.4,4.6185
0.45,4.7054
0.5,4.7912
0.55,4.8758
0.6,4.9589
0.65,5.0405
0.7,5.1204
0.75,5.1985
0.8,5.2747
0.85,5.349
0.9,5.4213
0.95,5.4915
1.0,5.5597
1.05,5.6258
1.1,5.6898
1.15,5.7518
1.2,5.8117
1.25,5.8697
1.3,5.9258
1.35,5.98
1.4,6.0325
1.45,6.0833
1.5,6.1325
1.55,6.1802
1.6,6.2265
1.65,6.2714
1.7,6.3151
1.75,6.3575
1.8,6.3989
1.85,6.4392
1.9,6.4786
1.95,6.517
2.0,6.5546
2.05,6.5914
2.1,6.6274
2.15,6.6627
2.2,6.6972
2.25,6.731
2.3,6.7641
2.35,6.7965
2.4,6.8282
2.45,6.8592
2.5,6.8894
2.55,6.9189
2.6,6.9476
2.65,6.9755
2.7,7.0026
2.75,7.0289
2.8,7.0543
2.85,7.0789
2.9,7.1026
2.95,7.1254
3.0,7.1473
3.05,7.1683
3.1,7.1884
3.15,7.2077
3.2,7.226
3.25,7.2434
3.3,7.26
3.35,7.2758
3.4,7.2907
3.45,7.3048
3.5,7.3181
3.55,7.3307
3.6,7.3425
3.65,7.3536
3.7,7.3641
3.75,7.3739
3.8,7.3831
3.85,7.3917
3.9,7.3998
3.95,7.4073
4.0,7.4144
