theta,series_0_category_0,series_1_category_1,series_2_category_2,series_3_category_3
-4.0,0.9959,0.0041,0.0,0.0
-3.95,0.9956,0.0044,0.0,0.0
-3.9,0.9953,0.0047,0.0,0.0
-3.85,0.995,0.005,0.0,0.0
-3.8,0.9946,0.0054,0.0,0.0
-3.75,0.9942,0.0057,0.0,0.0
-3.7,0.9938,0.0061,0.0,0.0
-3.65,0.9934,0.0066,0.0,0.0
-3.6,0.9929,0.0071,0.0,0.0
-3.55,0.9924,0.0076,0.0,0.0
-3.5,0.9919,0.0081,0.0,0.0
-3.45,0.9913,0.0087,0.0,0.0
-3.4,0.9907,0.0093,0.0,0.0
-3.35,0.99,0.0099,0.0,0.0
-3.3,0.9893,0.0107,0.0,0.0
-3.25,0.9885,0.0114,0.0001,0.0
-3.2,0.9877,0.0122,0.0001,0.0
-3.15,0.9868,0.0131,0.0001,0.0
-3.1,0.9859,0.014,0.0001,0.0
-3.05,0.9849,0.015,0.0001,0.0
-3.0,0.9838,0.0161,0.0001,0.0
-2.95,0.9827,0.0172,0.0001,0.0
-2.9,0.9815,0.0184,0.0001,0.0
-2.85,0.9801,0.0197,0.0002,0.0
-2.8,0.9787,0.0211,0.0002,0.0
-2.75,0.9772,0.0226,0.0002,0.0
-2.7,0.9756,0.0241,0.0003,0.0
-2.65,0.9739,0.0258,0.0003,0.0
-2.6,0.9721,0.0276,0.0003,0.0
-2.55,0.9701,0.0295,0.0004,0.0
-2.5,0.968,0.0316,0.0004,0.0
-2.45,0.9657,0.0338,0.0005,0.0
-2.4,0.9633,0.0361,0.0006,0.0
-2.35,0.9607,0.0386,0.0007,0.0
-2.3,0.958,0.0412,0.0007,0.0
-2.25,0.9551,0.0441,0.0009,0.0
-2.2,0.9519,0.0471,0.001,0.0
-2.15,0.9486,0.0503,0.0011,0.0
-2.1,0.945,0.0537,0.0013,0.0
-2.05,0.9412,0.0573,0.0015,0.0
-2.0,0.9372,0.0612,0.0017,0.0
-1.95,0.9328,0.0652,0.0019,0.0
-1.9,0.9282,0.0696,0.0022,0.0
-1.85,0.9233,0.0742,0.0025,0.0
-1.8,0.9181,0.079,0.0029,0.0
-1.75,0.9125,0.0842,0.0033,0.0
-1.7,0.9066,0.0896,0.0037,0.0
-1.65,0.9003,0.0954,0.0043,0.0
-1.6,0.8936,0.1015,0.0048,0.0
-1.55,0.8865,0.1079,0.0055,0.0001
-1.5,0.879,0.1147,0.0063,0.0001
-1.45,0.871,0.1218,0.0072,0.0001
-1.4,0.8625,0.1293,0.0081,0.0001
-1.35,0.8535,0.1371,0.0093,0.0001
-1.3,0.8441,0.1453,0.0105,0.0001
-1.25,0.834,0.1539,0.0119,0.0002
-1.2,0.8234,0.1628,0.0135,0.0002
-1.15,0.8123,0.1721,0.0153,0.0003
-1.1,0.8005,0.1818,0.0174,0.0003
-1.05,0.7881,0.1918,0.0196,0.0004
-1.0,0.7751,0.2022,0.0222,0.0005
-0.95,0.7615,0.2129,0.025,0.0006
-0.9,0.7472,0.2239,0.0282,0.0007
-0.85,0.7323,0.2352,0.0317,0.0008
-0.8,0.7167,0.2467,0.0357,0.001
-0.75,0.7004,0.2583,0.0401,0.0012
-0.7,0.6835,0.2702,0.0449,0.0015
-0.65,0.6659,0.2821,0.0502,0.0017
-0.6,0.6477,0.2941,0.0561,0.0021
-0.55,0.6289,0.306,0.0626,0.0025
-0.5,0.6094,0.3179,0.0697,0.003
-0.45,0.5895,0.3295,0.0774,0.0036
-0.4,0.569,0.3409,0.0859,0.0042
-0.35,0.5481,0.3519,0.095,0.005
-0.3,0.5267,0.3625,0.1049,0.0059
-0.25,0.505,0.3725,0.1155,0.007
-0.2,0.4831,0.3818,0.1269,0.0082
-0.15,0.4609,0.3904,0.139,0.0097
-0.1,0.4385,0.3982,0.152,0.0113
-0.05,0.4162,0.405,0.1656,0.0132
0.0,0.3938,0.4107,0.18,0.0154
0.05,0.3716,0.4153,0.1951,0.0179
0.1,0.3496,0.4188,0.2109,0.0207
0.15,0.3279,0.421,0.2272,0.0239
0.2,0.3066,0.4219,0.244,0.0276
0.25,0.2858,0.4214,0.2612,0.0316
0.3,0.2655,0.4196,0.2788,0.0362
0.35,0.2458,0.4164,0.2965,0.0412
0.4,0.2269,0.4119,0.3143,0.0468
0.45,0.2087,0.4061,0.3321,0.053
0.5,0.1914,0.399,0.3498,0.0599
0.55,0.1748,0.3907,0.3671,0.0673
0.6,0.1592,0.3814,0.3839,0.0755
0.65,0.1445,0.3709,0.4002,0.0843
0.7,0.1307,0.3596,0.4158,0.0939
0.75,0.1178,0.3474,0.4306,0.1042
0.8,0.1059,0.3345,0.4444,0.1153
0.85,0.0948,0.3211,0.4571,0.1271
0.9,0.0846,0.3071,0.4686,0.1396
0.95,0.0753,0.2929,0.4789,0.1529
1.0,0.0668,0.2784,0.4879,0.167
1.05,0.059,0.2638,0.4955,0.1817
1.1,0.052,0.2492,0.5016,0.1972
1.15,0.0457,0.2347,0.5063,0.2133
1.2,0.0401,0.2204,0.5095,0.2301
1.25,0.035,0.2063,0.5113,0.2474
1.3,0.0305,0.1926,0.5116,0.2653
1.35,0.0265,0.1793,0.5105,0.2837
1.4,0.0229,0.1665,0.508,0.3026
1.45,0.0198,0.1542,0.5041,0.3219
1.5,0.0171,0.1424,0.499,0.3415
1.55,0.0147,0.1312,0.4928,0.3614
1.6,0.0126,0.1206,0.4854,0.3815
1.65,0.0108,0.1106,0.4769,0.4017
1.7,0.0092,0.1011,0.4676,0.4221
1.75,0.0078,0.0923,0.4574,0.4425
1.8,0.0067,0.0841,0.4464,0.4629
1.85,0.0056,0.0764,0.4348,0.4832
1.9,0.0048,0.0693,0.4226,0.5034
1.95,0.004,0.0627,0.4099,0.5233
2.0,0.0034,0.0566,0.3969,0.543
2.05,0.0029,0.0511,0.3836,0.5625
2.1,0.0024,0.046,0.3701,0.5816
2.15,0.002,0.0413,0.3564,0.6003
2.2,0.0017,0.0371,0.3427,0.6186
2.25,0.0014,0.0332,0.329,0.6364
2.3,0.0012,0.0297,0.3153,0.6538
2.35,0.001,0.0265,0.3018,0.6707
2.4,0.0008,0.0237,0.2885,0.687
2.45,0.0007,0.0211,0.2754,0.7029
2.5,0.0006,0.0187,0.2625,0.7182
2.55,0.0005,0.0166,0.25,0.7329
2.6,0.0004,0.0148,0.2378,0.7471
2.65,0.0003,0.0131,0.2259,0.7607
2.7,0.0003,0.0116,0.2144,0.7738
2.75,0.0002,0.0103,0.2033,0.7863
2.8,0.0002,0.0091,0.1925,0.7982
2.85,0.0001,0.008,0.1822,0.8096
2.9,0.0001,0.0071,0.1723,0.8205
2.95,0.0001,0.0062,0.1628,0.8309
3.0,0.0001,0.0055,0.1537,0.8407
3.05,0.0001,0.0048,0.145,0.8501
3.1,0.0001,0.0042,0.1367,0.859
3.15,0.0,0.0037,0.1288,0.8674
3.2,0.0,0.0033,0.1213,0.8754
3.25,0.0,0.0029,0.1142,0.8829
3.3,0.0,0.0025,0.1074,0.8901
3.35,0.0,0.0022,0.1009,0.8968
3.4,0.0,0.0019,0.0949,0.9032
3.45,0.0,0.0017,0.0891,0.9092
3.5,0.0,0.0015,0.0837,0.9148
3.55,0.0,0.0013,0.0785,0.9202
3.6,0.0,0.0011,0.0737,0.9252
3.65,0.0,0.001,0.0691,0.9299
3.7,0.0,0.0009,0.0648,0.9344
3.75,0.0,0.0008,0.0607,0.9385
3.8,0.0,0.0007,0.0569,0.9425
3.85,0.0,0.0006,0.0533,0.9461
3.9,0.0,0.0005,0.0499,0.9496
3.95,0.0,0.0004,0.0467,0.9528
4.0,0.0,0.0004,0.0437,0.9559
