theta,series_0_endorsement_probability
-4.0,0.1412
-3.95,0.1486
-3.9,0.1565
-3.85,0.1649
-3.8,0.1738
-3.75,0.1833
-3.7,0.1933
-3.65,0.2038
-3.6,0.215
-3.55,0.2267
-3.5,0.2389
-3.45,0.2517
-3.4,0.2651
-3.35,0.2791
-3.3,0.2936
-3.25,0.3087
-3.2,0.3242
-3.15,0.3403
-3.1,0.3569
-3.05,0.3739
-3.0,0.3914
-2.95,0.4092
-2.9,0.4274
-2.85,0.4459
-2.8,0.4647
-2.75,0.4837
-2.7,0.5029
-2.65,0.5221
-2.6,0.5414
-2.55,0.5608
-2.5,0.58
-2.45,0.5991
-2.4,0.618
-2.35,0.6366
-2.3,0.6548
-2.25,0.6727
-2.2,0.69
-2.15,0.7068
-2.1,0.723
-2.05,0.7384
-2.0,0.7531
-1.95,0.767
-1.9,0.7799
-1.85,0.792
-1.8,0.803
-1.75,0.813
-1.7,0.8218
-1.65,0.8295
-1.6,0.8361
-1.55,0.8414
-1.5,0.8455
-1.45,0.8483
-1.4,0.8499
-1.35,0.8502
-1.3,0.8492
-1.25,0.8469
-1.2,0.8434
-1.15,0.8386
-1.1,0.8326
-1.05,0.8254
-1.0,0.8171
-0.95,0.8076
-0.9,0.7971
-0.85,0.7855
-0.8,0.7729
-0.75,0.7595
-0.7,0.7451
-0.65,0.73
-0.6,0.7142
-0.55,0.6976
-0.5,0.6805
-0.45,0.6629
-0.4,0.6448
-0.35,0.6264
-0.3,0.6076
-0.25,0.5886
-0.2,0.5694
-0.15,0.5501
-0.1,0.5308
-0.05,0.5115
0.0,0.4923
0.05,0.4732
0.1,0.4544
0.15,0.4357
0.2,0.4174
0.25,0.3994
0.3,0.3817
0.35,0.3645
0.4,0.3477
0.45,0.3314
0.5,0.3156
0.55,0.3003
0.6,0.2856
0.65,0.2714
0.7,0.2577
0.75,0.2446
0.8,0.2321
0.85,0.2202
0.9,0.2088
0.95,0.198
1.0,0.1877
1.05,0.178
1.1,0.1689
1.15,0.1602
1.2,0.1521
1.25,0.1445
1.3,0.1373
1.35,0.1306
1.4,0.1244
1.45,0.1186
1.5,0.1132
1.55,0.1082
1.6,0.1036
1.65,0.0993
1.7,0.0953
1.75,0.0917
1.8,0.0883
1.85,0.0853
1.9,0.0824
1.95,0.0799
2.0,0.0775
2.05,0.0754
2.1,0.0734
2.15,0.0717
2.2,0.0701
2.25,0.0687
2.3,0.0674
2.35,0.0662
2.4,0.0651
2.45,0.0642
2.5,0.0633
2.55,0.0626
2.6,0.0619
2.65,0.0613
2.7,0.0608
2.75,0.0603
2.8,0.0599
2.85,0.0595
2.9,0.0592
2.95,0.0589
3.0,0.0586
3.05,0.0584
3.1,0.0582
3.15,0.058
3.2,0.0579
3.25,0.0577
3.3,0.0576
3.35,0.0575
3.4,0.0574
3.45,0.0574
3.5,0.0573
3.55,0.0572
3.6,0.0572
3.65,0.0571
3.7,0.0571
3.75,0.0571
3.8,0.0571
3.85,0.057
3.9,0.057
3.95,0.057
4.0,0.057
