target_model_name,curve_family,n,mean_normalized_score
GLM-4.5V,dichotomous_icc,72,0.5055611111111111
GLM-4.5V,item_information,48,0.8411583333333333
GLM-4.5V,polytomous_crc,36,0.4236222222222222
GLM-4.5V,test_characteristic,12,0.6944499999999999
GLM-4.5V,test_information,12,0.7500083333333333
GLM-4.5V,unfolding,18,0.8333444444444444
Gemma 3 12B,dichotomous_icc,72,0.5518527777777777
Gemma 3 12B,item_information,48,0.731775
Gemma 3 12B,polytomous_crc,36,0.5509388888888889
Gemma 3 12B,test_characteristic,12,0.40276666666666666
Gemma 3 12B,test_information,12,0.6979166666666666
Gemma 3 12B,unfolding,18,0.6037166666666667
Gemma 3 4B,dichotomous_icc,72,0.6027875
Gemma 3 4B,item_information,48,0.7395958333333333
Gemma 3 4B,polytomous_crc,36,0.5463111111111112
Gemma 3 4B,test_characteristic,12,0.5138916666666666
Gemma 3 4B,test_information,12,0.6770999999999999
Gemma 3 4B,unfolding,18,0.6518666666666666
Qwen2.5-VL 72B,dichotomous_icc,72,0.6194402777777778
Qwen2.5-VL 72B,item_information,48,0.8672
Qwen2.5-VL 72B,polytomous_crc,36,0.6562583333333333
Qwen2.5-VL 72B,test_characteristic,12,0.7222166666666666
Qwen2.5-VL 72B,test_information,12,0.8125166666666667
Qwen2.5-VL 72B,unfolding,18,0.7876666666666667
Qwen3-VL 30B,dichotomous_icc,72,0.6018583333333333
Qwen3-VL 30B,item_information,48,0.8489708333333333
Qwen3-VL 30B,polytomous_crc,36,0.6875111111111111
Qwen3-VL 30B,test_characteristic,12,0.75
Qwen3-VL 30B,test_information,12,0.8125166666666667
Qwen3-VL 30B,unfolding,18,0.6580388888888888
