model_a,model_b,mean_difference,ci_low,ci_high
GLM-4.5V,Gemma 3 4B,-0.0011813131313131273,-0.07778488822043968,0.076050375
GLM-4.5V,Gemma 3 12B,0.02824545454545455,-0.05436216141456582,0.11268797925067203
GLM-4.5V,Qwen3-VL 30B,-0.07610909090909092,-0.14222562787356322,-0.008331841397849484
GLM-4.5V,Qwen2.5-VL 72B,-0.09133989898989898,-0.14474258147321428,-0.03923329761904762
Gemma 3 4B,Gemma 3 12B,0.02942676767676767,-0.0039823630712365644,0.05609403928995841
Gemma 3 4B,Qwen3-VL 30B,-0.07492777777777779,-0.1406376214157706,-0.02076279120879122
Gemma 3 4B,Qwen2.5-VL 72B,-0.09015858585858587,-0.1454586948924731,-0.04083118489583338
Gemma 3 12B,Qwen3-VL 30B,-0.10435454545454545,-0.1717651376529477,-0.04731913095238096
Gemma 3 12B,Qwen2.5-VL 72B,-0.11958535353535354,-0.17877854797979797,-0.06556158088235295
Qwen3-VL 30B,Qwen2.5-VL 72B,-0.01523080808080808,-0.042446876446759256,0.007872240196078425
