target_model_name,style_profile_id,n,mean_normalized_score,mean_total_score,mean_max_possible_score
local_blind_baseline,dark_high_contrast,33,0.3657242424242424,2.484848484848485,6.242424242424242
local_blind_baseline,ggplot_gray,33,0.31555757575757576,1.9696969696969697,6.242424242424242
local_blind_baseline,grayscale_no_grid,33,0.3222060606060606,2.090909090909091,6.242424242424242
local_blind_baseline,lattice_emulation,33,0.38980000000000004,2.515151515151515,6.242424242424242
local_blind_baseline,matplotlib_light,33,0.3478,2.3333333333333335,6.242424242424242
local_blind_baseline,seaborn_whitegrid,33,0.3469515151515152,2.242424242424242,6.242424242424242
local_noisy_baseline,dark_high_contrast,33,0.7130606060606061,4.575757575757576,6.242424242424242
local_noisy_baseline,ggplot_gray,33,0.7038848484848486,4.545454545454546,6.242424242424242
local_noisy_baseline,grayscale_no_grid,33,0.7407545454545454,4.818181818181818,6.242424242424242
local_noisy_baseline,lattice_emulation,33,0.733769696969697,4.848484848484849,6.242424242424242
local_noisy_baseline,matplotlib_light,33,0.743030303030303,4.878787878787879,6.242424242424242
local_noisy_baseline,seaborn_whitegrid,33,0.7395757575757576,4.848484848484849,6.242424242424242
local_oracle_baseline,dark_high_contrast,33,1.0,6.242424242424242,6.242424242424242
local_oracle_baseline,ggplot_gray,33,1.0,6.242424242424242,6.242424242424242
local_oracle_baseline,grayscale_no_grid,33,1.0,6.242424242424242,6.242424242424242
local_oracle_baseline,lattice_emulation,33,1.0,6.242424242424242,6.242424242424242
local_oracle_baseline,matplotlib_light,33,1.0,6.242424242424242,6.242424242424242
local_oracle_baseline,seaborn_whitegrid,33,1.0,6.242424242424242,6.242424242424242
