target_model_name,task_type,n,mean_normalized_score,mean_total_score,mean_max_possible_score
local_blind_baseline,category_curve_reasoning,18,0.3125,2.5,8.0
local_blind_baseline,information_peak,30,0.4583333333333333,3.6666666666666665,8.0
local_blind_baseline,model_identification,84,0.3333,1.0,3.0
local_blind_baseline,non_monotonic_peak,6,0.22219999999999998,2.0,9.0
local_blind_baseline,parameter_estimation,24,0.39999583333333333,6.0,15.0
local_blind_baseline,probability_at_theta_0.0,30,0.2866666666666667,1.4333333333333333,5.0
local_blind_baseline,tcc_expected_score,6,0.3333333333333333,2.0,6.0
local_noisy_baseline,category_curve_reasoning,18,0.8402777777777778,6.722222222222222,8.0
local_noisy_baseline,information_peak,30,0.7583333333333333,6.066666666666666,8.0
local_noisy_baseline,model_identification,84,0.6667,2.0,3.0
local_noisy_baseline,non_monotonic_peak,6,0.8333499999999999,7.5,9.0
local_noisy_baseline,parameter_estimation,24,0.8027833333333333,12.041666666666666,15.0
local_noisy_baseline,probability_at_theta_0.0,30,0.7066666666666667,3.533333333333333,5.0
local_noisy_baseline,tcc_expected_score,6,0.8333,5.0,6.0
local_oracle_baseline,category_curve_reasoning,18,1.0,8.0,8.0
local_oracle_baseline,information_peak,30,1.0,8.0,8.0
local_oracle_baseline,model_identification,84,1.0,3.0,3.0
local_oracle_baseline,non_monotonic_peak,6,1.0,9.0,9.0
local_oracle_baseline,parameter_estimation,24,1.0,15.0,15.0
local_oracle_baseline,probability_at_theta_0.0,30,1.0,5.0,5.0
local_oracle_baseline,tcc_expected_score,6,1.0,6.0,6.0
