target_model_name,curve_family,n,mean_normalized_score,mean_total_score,mean_max_possible_score
local_blind_baseline,dichotomous_icc,72,0.3388763888888889,2.8055555555555554,7.666666666666667
local_blind_baseline,item_information,48,0.3984208333333333,2.3541666666666665,5.5
local_blind_baseline,polytomous_crc,36,0.32289999999999996,1.75,5.5
local_blind_baseline,test_characteristic,12,0.33331666666666665,1.5,4.5
local_blind_baseline,test_information,12,0.38539999999999996,2.25,5.5
local_blind_baseline,unfolding,18,0.2851666666666667,1.5,5.666666666666667
local_noisy_baseline,dichotomous_icc,72,0.7231611111111111,5.847222222222222,7.666666666666667
local_noisy_baseline,item_information,48,0.7109541666666667,4.020833333333333,5.5
local_noisy_baseline,polytomous_crc,36,0.7534888888888889,4.361111111111111,5.5
local_noisy_baseline,test_characteristic,12,0.75,3.5,4.5
local_noisy_baseline,test_information,12,0.7187666666666667,4.083333333333333,5.5
local_noisy_baseline,unfolding,18,0.7444611111111111,4.388888888888889,5.666666666666667
local_oracle_baseline,dichotomous_icc,72,1.0,7.666666666666667,7.666666666666667
local_oracle_baseline,item_information,48,1.0,5.5,5.5
local_oracle_baseline,polytomous_crc,36,1.0,5.5,5.5
local_oracle_baseline,test_characteristic,12,1.0,4.5,4.5
local_oracle_baseline,test_information,12,1.0,5.5,5.5
local_oracle_baseline,unfolding,18,1.0,5.666666666666667,5.666666666666667
